Post injection (days),Porosity,Permeability,Thickness,Salinity,depth,Residual gas saturation,Injection rate (ton/day),RTI,STI
53.15752202,0.093,5.615,30,30000,955,0.4,7.82,0.01658694,0.121043712
57.19527397,0.093,5.615,30,30000,955,0.4,7.82,0.016529704,0.121047716
62.57066066,0.093,5.615,30,30000,955,0.4,7.82,0.019580373,0.120557182
70.63788198,0.093,5.615,30,30000,955,0.4,7.82,0.022648212,0.120069318
75.32374488,0.093,5.615,30,30000,955,0.4,7.82,0.027255696,0.118586371
82.72629011,0.093,5.615,30,30000,955,0.4,7.82,0.028743827,0.118593712
88.7663529,0.093,5.615,30,30000,955,0.4,7.82,0.034902401,0.117607973
92.10629848,0.093,5.615,30,30000,955,0.4,7.82,0.036396256,0.116123691
99.50056114,0.093,5.615,30,30000,955,0.4,7.82,0.041015186,0.11563516
102.8570719,0.093,5.615,30,30000,955,0.4,7.82,0.042514764,0.115142624
110.9077281,0.093,5.615,30,30000,955,0.4,7.82,0.047122247,0.113663014
116.2831147,0.093,5.615,30,30000,955,0.4,7.82,0.045508197,0.11317248
123.68566,0.093,5.615,30,30000,955,0.4,7.82,0.048570314,0.113179821
129.0527641,0.093,5.615,30,30000,955,0.4,7.82,0.048507354,0.112193415
135.1011094,0.093,5.615,30,30000,955,0.4,7.82,0.056234189,0.111703548
142.478807,0.093,5.615,30,30000,955,0.4,7.82,0.057750939,0.110223271
147.8707588,0.093,5.615,30,30000,955,0.4,7.82,0.057676532,0.110724483
154.5754977,0.093,5.615,30,30000,955,0.4,7.82,0.062289739,0.109243538
161.3050843,0.093,5.615,30,30000,955,0.4,7.82,0.062255397,0.109250212
166.6804709,0.093,5.615,30,30000,955,0.4,7.82,0.062198161,0.108759678
172.6874035,0.093,5.615,30,30000,955,0.4,7.82,0.062135202,0.105790447
178.7357488,0.093,5.615,30,30000,955,0.4,7.82,0.063611886,0.105300581
184.1277006,0.093,5.615,30,30000,955,0.4,7.82,0.063543203,0.105801793
190.8738523,0.093,5.615,30,30000,955,0.4,7.82,0.065042782,0.106800213
196.8642197,0.093,5.615,30,30000,955,0.4,7.82,0.068110621,0.102839236
205.5961171,0.093,5.615,30,30000,955,0.4,7.82,0.0696102,0.101856166
211.6693102,0.093,5.615,30,30000,955,0.4,7.82,0.069552964,0.102853919
219.6868361,0.093,5.615,30,30000,955,0.4,7.82,0.072620804,0.099390817
228.4270161,0.093,5.615,30,30000,955,0.4,7.82,0.075671473,0.09890362
233.8106853,0.093,5.615,30,30000,955,0.4,7.82,0.080290403,0.098908959
240.5402719,0.093,5.615,30,30000,955,0.4,7.82,0.078670629,0.098915633
247.9179694,0.093,5.615,30,30000,955,0.4,7.82,0.077056579,0.097435356
255.9851908,0.093,5.615,30,30000,955,0.4,7.82,0.083232324,0.096947492
259.3499841,0.093,5.615,30,30000,955,0.4,7.82,0.083175088,0.096950829
269.4195162,0.093,5.615,30,30000,955,0.4,7.82,0.081561038,0.095473221
285.5622414,0.093,5.615,30,30000,955,0.4,7.82,0.087731059,0.094993365
291.5940216,0.093,5.615,30,30000,955,0.4,7.82,0.090770281,0.093511753
297.6340844,0.093,5.615,30,30000,955,0.4,7.82,0.090701598,0.092526014
303.6741472,0.093,5.615,30,30000,955,0.4,7.82,0.09688879,0.091540275
311.7744988,0.093,5.615,30,30000,955,0.4,7.82,0.093723649,0.093035902
317.1167552,0.093,5.615,30,30000,955,0.4,7.82,0.096785765,0.090561877
328.5570524,0.093,5.615,30,30000,955,0.4,7.82,0.096728529,0.090573222
338.6431497,0.093,5.615,30,30000,955,0.4,7.82,0.096694188,0.09008736
348.0645709,0.093,5.615,30,30000,955,0.4,7.82,0.099716239,0.090096704
353.4482402,0.093,5.615,30,30000,955,0.4,7.82,0.099664727,0.090102043
359.4965855,0.093,5.615,30,30000,955,0.4,7.82,0.09965328,0.089612177
366.8825656,0.093,5.615,30,30000,955,0.4,7.82,0.105794683,0.088627772
378.3062977,0.093,5.615,30,30000,955,0.4,7.82,0.102618095,0.087647372
386.3818015,0.093,5.615,30,30000,955,0.4,7.82,0.108822457,0.087655381
391.7571882,0.093,5.615,30,30000,955,0.4,7.82,0.108742327,0.087164847
401.8764158,0.093,5.615,30,30000,955,0.4,7.82,0.110213288,0.088662477
407.9164786,0.093,5.615,30,30000,955,0.4,7.82,0.110190393,0.087676737
415.3024587,0.093,5.615,30,30000,955,0.4,7.82,0.114792153,0.086692333
422.0403278,0.093,5.615,30,30000,955,0.4,7.82,0.114729194,0.08719488
428.7533493,0.093,5.615,30,30000,955,0.4,7.82,0.114660511,0.086209808
434.1618662,0.093,5.615,30,30000,955,0.4,7.82,0.119267994,0.087702766
442.2290876,0.093,5.615,30,30000,955,0.4,7.82,0.119233652,0.087214901
448.2608678,0.093,5.615,30,30000,955,0.4,7.82,0.120710336,0.085733289
454.9904543,0.093,5.615,30,30000,955,0.4,7.82,0.120658824,0.085739963
461.0387997,0.093,5.615,30,30000,955,0.4,7.82,0.125260584,0.085250097
471.8144208,0.093,5.615,30,30000,955,0.4,7.82,0.128345594,0.085756648
477.8710487,0.093,5.615,30,30000,955,0.4,7.82,0.131379093,0.085762655
482.5734767,0.093,5.615,30,30000,955,0.4,7.82,0.131304686,0.085271453
486.6029461,0.093,5.615,30,30000,955,0.4,7.82,0.13124745,0.084779585
492.659574,0.093,5.615,30,30000,955,0.4,7.82,0.131184491,0.084785591
498.0432433,0.093,5.615,30,30000,955,0.4,7.82,0.140433799,0.08479093
504.0915886,0.093,5.615,30,30000,955,0.4,7.82,0.140359392,0.084301064
276.1573854,0.093,5.615,30,30000,955,0.4,7.82,0.140262091,0.095975768
276.1573854,0.093,5.615,30,30000,955,0.4,7.82,0.14177884,0.095975768
10,0.26161616,127.07071,8.1767677,32515.152,1660.6061,0.24949495,35011.5636,0.315,0.17
20,0.26161616,127.07071,8.1767677,32515.152,1660.6061,0.24949495,35011.5636,0.452,0.185
30,0.26161616,127.07071,8.1767677,32515.152,1660.6061,0.24949495,35011.5636,0.485,0.191
40,0.26161616,127.07071,8.1767677,32515.152,1660.6061,0.24949495,35011.5636,0.503,0.194
52,0.26161616,127.07071,8.1767677,32515.152,1660.6061,0.24949495,35011.5636,0.513,0.198
62,0.26161616,127.07071,8.1767677,32515.152,1660.6061,0.24949495,35011.5636,0.521,0.201
72,0.26161616,127.07071,8.1767677,32515.152,1660.6061,0.24949495,35011.5636,0.525,0.204
83,0.26161616,127.07071,8.1767677,32515.152,1660.6061,0.24949495,35011.5636,0.528,0.206
93,0.26161616,127.07071,8.1767677,32515.152,1660.6061,0.24949495,35011.5636,0.528,0.207
104,0.26161616,127.07071,8.1767677,32515.152,1660.6061,0.24949495,35011.5636,0.528,0.209
114,0.26161616,127.07071,8.1767677,32515.152,1660.6061,0.24949495,35011.5636,0.527,0.21
124,0.26161616,127.07071,8.1767677,32515.152,1660.6061,0.24949495,35011.5636,0.526,0.212
135,0.26161616,127.07071,8.1767677,32515.152,1660.6061,0.24949495,35011.5636,0.524,0.214
145,0.26161616,127.07071,8.1767677,32515.152,1660.6061,0.24949495,35011.5636,0.523,0.215
156,0.26161616,127.07071,8.1767677,32515.152,1660.6061,0.24949495,35011.5636,0.522,0.217
166,0.26161616,127.07071,8.1767677,32515.152,1660.6061,0.24949495,35011.5636,0.521,0.219
176,0.26161616,127.07071,8.1767677,32515.152,1660.6061,0.24949495,35011.5636,0.52,0.221
187,0.26161616,127.07071,8.1767677,32515.152,1660.6061,0.24949495,35011.5636,0.518,0.222
197,0.26161616,127.07071,8.1767677,32515.152,1660.6061,0.24949495,35011.5636,0.517,0.224
208,0.26161616,127.07071,8.1767677,32515.152,1660.6061,0.24949495,35011.5636,0.516,0.225
218,0.26161616,127.07071,8.1767677,32515.152,1660.6061,0.24949495,35011.5636,0.515,0.227
228,0.26161616,127.07071,8.1767677,32515.152,1660.6061,0.24949495,35011.5636,0.513,0.229
239,0.26161616,127.07071,8.1767677,32515.152,1660.6061,0.24949495,35011.5636,0.512,0.23
249,0.26161616,127.07071,8.1767677,32515.152,1660.6061,0.24949495,35011.5636,0.51,0.232
260,0.26161616,127.07071,8.1767677,32515.152,1660.6061,0.24949495,35011.5636,0.509,0.234
270,0.26161616,127.07071,8.1767677,32515.152,1660.6061,0.24949495,35011.5636,0.508,0.235
281,0.26161616,127.07071,8.1767677,32515.152,1660.6061,0.24949495,35011.5636,0.506,0.237
291,0.26161616,127.07071,8.1767677,32515.152,1660.6061,0.24949495,35011.5636,0.505,0.239
301,0.26161616,127.07071,8.1767677,32515.152,1660.6061,0.24949495,35011.5636,0.503,0.241
312,0.26161616,127.07071,8.1767677,32515.152,1660.6061,0.24949495,35011.5636,0.501,0.242
322,0.26161616,127.07071,8.1767677,32515.152,1660.6061,0.24949495,35011.5636,0.5,0.244
333,0.26161616,127.07071,8.1767677,32515.152,1660.6061,0.24949495,35011.5636,0.498,0.246
343,0.26161616,127.07071,8.1767677,32515.152,1660.6061,0.24949495,35011.5636,0.496,0.247
353,0.26161616,127.07071,8.1767677,32515.152,1660.6061,0.24949495,35011.5636,0.494,0.249
364,0.26161616,127.07071,8.1767677,32515.152,1660.6061,0.24949495,35011.5636,0.493,0.251
374,0.26161616,127.07071,8.1767677,32515.152,1660.6061,0.24949495,35011.5636,0.491,0.252
385,0.26161616,127.07071,8.1767677,32515.152,1660.6061,0.24949495,35011.5636,0.49,0.254
395,0.26161616,127.07071,8.1767677,32515.152,1660.6061,0.24949495,35011.5636,0.489,0.255
405,0.26161616,127.07071,8.1767677,32515.152,1660.6061,0.24949495,35011.5636,0.488,0.257
416,0.26161616,127.07071,8.1767677,32515.152,1660.6061,0.24949495,35011.5636,0.487,0.258
426,0.26161616,127.07071,8.1767677,32515.152,1660.6061,0.24949495,35011.5636,0.486,0.26
437,0.26161616,127.07071,8.1767677,32515.152,1660.6061,0.24949495,35011.5636,0.485,0.261
447,0.26161616,127.07071,8.1767677,32515.152,1660.6061,0.24949495,35011.5636,0.484,0.262
457,0.26161616,127.07071,8.1767677,32515.152,1660.6061,0.24949495,35011.5636,0.483,0.264
468,0.26161616,127.07071,8.1767677,32515.152,1660.6061,0.24949495,35011.5636,0.482,0.265
478,0.26161616,127.07071,8.1767677,32515.152,1660.6061,0.24949495,35011.5636,0.481,0.266
489,0.26161616,127.07071,8.1767677,32515.152,1660.6061,0.24949495,35011.5636,0.48,0.267
499,0.26161616,127.07071,8.1767677,32515.152,1660.6061,0.24949495,35011.5636,0.479,0.269
509,0.26161616,127.07071,8.1767677,32515.152,1660.6061,0.24949495,35011.5636,0.478,0.27
10,0.13434343,65.656566,5.5858586,7303.0303,1527.2727,0.2979798,45452.56947,0.418,0.161
20,0.13434343,65.656566,5.5858586,7303.0303,1527.2727,0.2979798,45452.56947,0.461,0.17
30,0.13434343,65.656566,5.5858586,7303.0303,1527.2727,0.2979798,45452.56947,0.479,0.175
40,0.13434343,65.656566,5.5858586,7303.0303,1527.2727,0.2979798,45452.56947,0.485,0.179
52,0.13434343,65.656566,5.5858586,7303.0303,1527.2727,0.2979798,45452.56947,0.489,0.183
62,0.13434343,65.656566,5.5858586,7303.0303,1527.2727,0.2979798,45452.56947,0.491,0.186
72,0.13434343,65.656566,5.5858586,7303.0303,1527.2727,0.2979798,45452.56947,0.492,0.188
83,0.13434343,65.656566,5.5858586,7303.0303,1527.2727,0.2979798,45452.56947,0.492,0.19
93,0.13434343,65.656566,5.5858586,7303.0303,1527.2727,0.2979798,45452.56947,0.493,0.193
104,0.13434343,65.656566,5.5858586,7303.0303,1527.2727,0.2979798,45452.56947,0.493,0.195
114,0.13434343,65.656566,5.5858586,7303.0303,1527.2727,0.2979798,45452.56947,0.492,0.197
124,0.13434343,65.656566,5.5858586,7303.0303,1527.2727,0.2979798,45452.56947,0.492,0.2
135,0.13434343,65.656566,5.5858586,7303.0303,1527.2727,0.2979798,45452.56947,0.49,0.202
145,0.13434343,65.656566,5.5858586,7303.0303,1527.2727,0.2979798,45452.56947,0.489,0.204
156,0.13434343,65.656566,5.5858586,7303.0303,1527.2727,0.2979798,45452.56947,0.487,0.206
166,0.13434343,65.656566,5.5858586,7303.0303,1527.2727,0.2979798,45452.56947,0.486,0.209
176,0.13434343,65.656566,5.5858586,7303.0303,1527.2727,0.2979798,45452.56947,0.484,0.211
187,0.13434343,65.656566,5.5858586,7303.0303,1527.2727,0.2979798,45452.56947,0.483,0.213
197,0.13434343,65.656566,5.5858586,7303.0303,1527.2727,0.2979798,45452.56947,0.481,0.215
208,0.13434343,65.656566,5.5858586,7303.0303,1527.2727,0.2979798,45452.56947,0.48,0.217
218,0.13434343,65.656566,5.5858586,7303.0303,1527.2727,0.2979798,45452.56947,0.478,0.219
228,0.13434343,65.656566,5.5858586,7303.0303,1527.2727,0.2979798,45452.56947,0.476,0.221
239,0.13434343,65.656566,5.5858586,7303.0303,1527.2727,0.2979798,45452.56947,0.475,0.223
249,0.13434343,65.656566,5.5858586,7303.0303,1527.2727,0.2979798,45452.56947,0.473,0.226
260,0.13434343,65.656566,5.5858586,7303.0303,1527.2727,0.2979798,45452.56947,0.472,0.228
270,0.13434343,65.656566,5.5858586,7303.0303,1527.2727,0.2979798,45452.56947,0.47,0.23
281,0.13434343,65.656566,5.5858586,7303.0303,1527.2727,0.2979798,45452.56947,0.469,0.232
291,0.13434343,65.656566,5.5858586,7303.0303,1527.2727,0.2979798,45452.56947,0.467,0.234
301,0.13434343,65.656566,5.5858586,7303.0303,1527.2727,0.2979798,45452.56947,0.466,0.236
312,0.13434343,65.656566,5.5858586,7303.0303,1527.2727,0.2979798,45452.56947,0.464,0.238
322,0.13434343,65.656566,5.5858586,7303.0303,1527.2727,0.2979798,45452.56947,0.463,0.24
333,0.13434343,65.656566,5.5858586,7303.0303,1527.2727,0.2979798,45452.56947,0.462,0.242
343,0.13434343,65.656566,5.5858586,7303.0303,1527.2727,0.2979798,45452.56947,0.461,0.244
353,0.13434343,65.656566,5.5858586,7303.0303,1527.2727,0.2979798,45452.56947,0.46,0.245
364,0.13434343,65.656566,5.5858586,7303.0303,1527.2727,0.2979798,45452.56947,0.459,0.247
374,0.13434343,65.656566,5.5858586,7303.0303,1527.2727,0.2979798,45452.56947,0.458,0.249
385,0.13434343,65.656566,5.5858586,7303.0303,1527.2727,0.2979798,45452.56947,0.457,0.251
395,0.13434343,65.656566,5.5858586,7303.0303,1527.2727,0.2979798,45452.56947,0.456,0.253
405,0.13434343,65.656566,5.5858586,7303.0303,1527.2727,0.2979798,45452.56947,0.455,0.254
416,0.13434343,65.656566,5.5858586,7303.0303,1527.2727,0.2979798,45452.56947,0.454,0.256
426,0.13434343,65.656566,5.5858586,7303.0303,1527.2727,0.2979798,45452.56947,0.453,0.258
437,0.13434343,65.656566,5.5858586,7303.0303,1527.2727,0.2979798,45452.56947,0.452,0.26
7670,0.14,251.491,77,19000,2622.1,0.326,1508.76,0.0803,0.1699
8035,0.14,251.491,77,19000,2622.1,0.326,1508.76,0.0803,0.1705
8401,0.14,251.491,77,19000,2622.1,0.326,1508.76,0.0803,0.1711
8766,0.14,251.491,77,19000,2622.1,0.326,1508.76,0.0804,0.1717
9131,0.14,251.491,77,19000,2622.1,0.326,1508.76,0.0804,0.1723
9496,0.14,251.491,77,19000,2622.1,0.326,1508.76,0.0805,0.1729
9862,0.14,251.491,77,19000,2622.1,0.326,1508.76,0.0805,0.1735
10227,0.14,251.491,77,19000,2622.1,0.326,1508.76,0.0806,0.1741
10592,0.14,251.491,77,19000,2622.1,0.326,1508.76,0.0806,0.1746
10957,0.14,251.491,77,19000,2622.1,0.326,1508.76,0.0807,0.1752
11323,0.14,251.491,77,19000,2622.1,0.326,1508.76,0.0807,0.1757
11688,0.14,251.491,77,19000,2622.1,0.326,1508.76,0.0808,0.1762
12053,0.14,251.491,77,19000,2622.1,0.326,1508.76,0.0809,0.1767
12418,0.14,251.491,77,19000,2622.1,0.326,1508.76,0.0809,0.1772
12784,0.14,251.491,77,19000,2622.1,0.326,1508.76,0.081,0.1777
13149,0.14,251.491,77,19000,2622.1,0.326,1508.76,0.0811,0.1782
13514,0.14,251.491,77,19000,2622.1,0.326,1508.76,0.0812,0.1786
13879,0.14,251.491,77,19000,2622.1,0.326,1508.76,0.0812,0.1791
14245,0.14,251.491,77,19000,2622.1,0.326,1508.76,0.0813,0.1795
14610,0.14,251.491,77,19000,2622.1,0.326,1508.76,0.0814,0.18
40150,0.1,2.9,280,57500,3650,0.35,65,0.1,0.216
43800,0.1,2.9,280,57500,3650,0.35,65,0.105,0.228
47450,0.1,2.9,280,57500,3650,0.35,65,0.104,0.236
51100,0.1,2.9,280,57500,3650,0.35,65,0.103,0.243
54750,0.1,2.9,280,57500,3650,0.35,65,0.105,0.252
58400,0.1,2.9,280,57500,3650,0.35,65,0.108,0.261
62050,0.1,2.9,280,57500,3650,0.35,65,0.111,0.267
65700,0.1,2.9,280,57500,3650,0.35,65,0.116,0.272
69350,0.1,2.9,280,57500,3650,0.35,65,0.118,0.278
73000,0.1,2.9,280,57500,3650,0.35,65,0.12,0.284
76650,0.1,2.9,280,57500,3650,0.35,65,0.12,0.289
80300,0.1,2.9,280,57500,3650,0.35,65,0.12,0.294
83950,0.1,2.9,280,57500,3650,0.35,65,0.122,0.298
87600,0.1,2.9,280,57500,3650,0.35,65,0.123,0.302
91250,0.1,2.9,280,57500,3650,0.35,65,0.124,0.306
94900,0.1,2.9,280,57500,3650,0.35,65,0.124,0.311
98550,0.1,2.9,280,57500,3650,0.35,65,0.125,0.317
102200,0.1,2.9,280,57500,3650,0.35,65,0.127,0.323
105850,0.1,2.9,280,57500,3650,0.35,65,0.127,0.328
3285,0.2,0.3,11,100000,750,0.28,80,0.222,0.122
3650,0.2,0.3,11,100000,750,0.28,80,0.227,0.125
4015,0.2,0.3,11,100000,750,0.28,80,0.232,0.128
4380,0.2,0.3,11,100000,750,0.28,80,0.238,0.131
4745,0.2,0.3,11,100000,750,0.28,80,0.244,0.134
5110,0.2,0.3,11,100000,750,0.28,80,0.249,0.137
5475,0.2,0.3,11,100000,750,0.28,80,0.255,0.14
5840,0.2,0.3,11,100000,750,0.28,80,0.26,0.144
6205,0.2,0.3,11,100000,750,0.28,80,0.266,0.147
6570,0.2,0.3,11,100000,750,0.28,80,0.271,0.15
6935,0.2,0.3,11,100000,750,0.28,80,0.276,0.153
7300,0.2,0.3,11,100000,750,0.28,80,0.28,0.154
7665,0.2,0.3,11,100000,750,0.28,80,0.284,0.155
8030,0.2,0.3,11,100000,750,0.28,80,0.288,0.156
8395,0.2,0.3,11,100000,750,0.28,80,0.293,0.156
8760,0.2,0.3,11,100000,750,0.28,80,0.297,0.157
9125,0.2,0.3,11,100000,750,0.28,80,0.301,0.157
9490,0.2,0.3,11,100000,750,0.28,80,0.305,0.158
9855,0.2,0.3,11,100000,750,0.28,80,0.309,0.158
10220,0.2,0.3,11,100000,750,0.28,80,0.313,0.159
10585,0.2,0.3,11,100000,750,0.28,80,0.317,0.159
10950,0.2,0.3,11,100000,750,0.28,80,0.32,0.16
11315,0.2,0.3,11,100000,750,0.28,80,0.324,0.161
11680,0.2,0.3,11,100000,750,0.28,80,0.327,0.162
12045,0.2,0.3,11,100000,750,0.28,80,0.33,0.163
12410,0.2,0.3,11,100000,750,0.28,80,0.334,0.163
12775,0.2,0.3,11,100000,750,0.28,80,0.337,0.164
13140,0.2,0.3,11,100000,750,0.28,80,0.341,0.165
13505,0.2,0.3,11,100000,750,0.28,80,0.344,0.166
13870,0.2,0.3,11,100000,750,0.28,80,0.347,0.167
14235,0.2,0.3,11,100000,750,0.28,80,0.351,0.167
14600,0.2,0.3,11,100000,750,0.28,80,0.353,0.168
14965,0.2,0.3,11,100000,750,0.28,80,0.356,0.169
15330,0.2,0.3,11,100000,750,0.28,80,0.359,0.17
15695,0.2,0.3,11,100000,750,0.28,80,0.362,0.17
16060,0.2,0.3,11,100000,750,0.28,80,0.365,0.171
16425,0.2,0.3,11,100000,750,0.28,80,0.368,0.171
16790,0.2,0.3,11,100000,750,0.28,80,0.371,0.172
17155,0.2,0.3,11,100000,750,0.28,80,0.374,0.173
17520,0.2,0.3,11,100000,750,0.28,80,0.377,0.173
17885,0.2,0.3,11,100000,750,0.28,80,0.379,0.174
18250,0.2,0.3,11,100000,750,0.28,80,0.382,0.174
18615,0.2,0.3,11,100000,750,0.28,80,0.385,0.174
18980,0.2,0.3,11,100000,750,0.28,80,0.388,0.174
19345,0.2,0.3,11,100000,750,0.28,80,0.391,0.175
19710,0.2,0.3,11,100000,750,0.28,80,0.394,0.175
20075,0.2,0.3,11,100000,750,0.28,80,0.397,0.175
20440,0.2,0.3,11,100000,750,0.28,80,0.4,0.175
20805,0.2,0.3,11,100000,750,0.28,80,0.402,0.176
21170,0.2,0.3,11,100000,750,0.28,80,0.405,0.176
21535,0.2,0.3,11,100000,750,0.28,80,0.408,0.176
21900,0.2,0.3,11,100000,750,0.28,80,0.411,0.177
22265,0.2,0.3,11,100000,750,0.28,80,0.413,0.177
22630,0.2,0.3,11,100000,750,0.28,80,0.415,0.178
22995,0.2,0.3,11,100000,750,0.28,80,0.417,0.178
23360,0.2,0.3,11,100000,750,0.28,80,0.419,0.179
23725,0.2,0.3,11,100000,750,0.28,80,0.422,0.179
24090,0.2,0.3,11,100000,750,0.28,80,0.424,0.179
24455,0.2,0.3,11,100000,750,0.28,80,0.426,0.18
24820,0.2,0.3,11,100000,750,0.28,80,0.428,0.18
25185,0.2,0.3,11,100000,750,0.28,80,0.43,0.181
25550,0.2,0.3,11,100000,750,0.28,80,0.432,0.182
25915,0.2,0.3,11,100000,750,0.28,80,0.434,0.182
26280,0.2,0.3,11,100000,750,0.28,80,0.436,0.183
26645,0.2,0.3,11,100000,750,0.28,80,0.438,0.184
27010,0.2,0.3,11,100000,750,0.28,80,0.44,0.184
27375,0.2,0.3,11,100000,750,0.28,80,0.442,0.185
27740,0.2,0.3,11,100000,750,0.28,80,0.444,0.186
28105,0.2,0.3,11,100000,750,0.28,80,0.446,0.187
28470,0.2,0.3,11,100000,750,0.28,80,0.447,0.187
28835,0.2,0.3,11,100000,750,0.28,80,0.449,0.188
29200,0.2,0.3,11,100000,750,0.28,80,0.451,0.189
29565,0.2,0.3,11,100000,750,0.28,80,0.453,0.189
29930,0.2,0.3,11,100000,750,0.28,80,0.455,0.19
30295,0.2,0.3,11,100000,750,0.28,80,0.456,0.19
30660,0.2,0.3,11,100000,750,0.28,80,0.458,0.191
31025,0.2,0.3,11,100000,750,0.28,80,0.46,0.191
31390,0.2,0.3,11,100000,750,0.28,80,0.461,0.192
31755,0.2,0.3,11,100000,750,0.28,80,0.463,0.192
32120,0.2,0.3,11,100000,750,0.28,80,0.465,0.193
32485,0.2,0.3,11,100000,750,0.28,80,0.466,0.193
32850,0.2,0.3,11,100000,750,0.28,80,0.468,0.193
33215,0.2,0.3,11,100000,750,0.28,80,0.469,0.193
33580,0.2,0.3,11,100000,750,0.28,80,0.471,0.193
33945,0.2,0.3,11,100000,750,0.28,80,0.472,0.193
34310,0.2,0.3,11,100000,750,0.28,80,0.474,0.193
34675,0.2,0.3,11,100000,750,0.28,80,0.475,0.193
35040,0.2,0.3,11,100000,750,0.28,80,0.477,0.193
35405,0.2,0.3,11,100000,750,0.28,80,0.478,0.193
35770,0.2,0.3,11,100000,750,0.28,80,0.48,0.193
36135,0.2,0.3,11,100000,750,0.28,80,0.481,0.193
36500,0.2,0.3,11,100000,750,0.28,80,0.482,0.194
36865,0.2,0.3,11,100000,750,0.28,80,0.484,0.194
37230,0.2,0.3,11,100000,750,0.28,80,0.485,0.194
37595,0.2,0.3,11,100000,750,0.28,80,0.487,0.194
37960,0.2,0.3,11,100000,750,0.28,80,0.488,0.195
38325,0.2,0.3,11,100000,750,0.28,80,0.49,0.195
38690,0.2,0.3,11,100000,750,0.28,80,0.491,0.195
39055,0.2,0.3,11,100000,750,0.28,80,0.493,0.195
39420,0.2,0.3,11,100000,750,0.28,80,0.494,0.195
39785,0.2,0.3,11,100000,750,0.28,80,0.495,0.196
40150,0.2,0.3,11,100000,750,0.28,80,0.497,0.196
40515,0.2,0.3,11,100000,750,0.28,80,0.498,0.196
40880,0.2,0.3,11,100000,750,0.28,80,0.499,0.196
41245,0.2,0.3,11,100000,750,0.28,80,0.5,0.197
41610,0.2,0.3,11,100000,750,0.28,80,0.502,0.197
41975,0.2,0.3,11,100000,750,0.28,80,0.503,0.197
42340,0.2,0.3,11,100000,750,0.28,80,0.504,0.197
42705,0.2,0.3,11,100000,750,0.28,80,0.505,0.198
43070,0.2,0.3,11,100000,750,0.28,80,0.506,0.198
43435,0.2,0.3,11,100000,750,0.28,80,0.508,0.198
43800,0.2,0.3,11,100000,750,0.28,80,0.509,0.198
44165,0.2,0.3,11,100000,750,0.28,80,0.51,0.199
44530,0.2,0.3,11,100000,750,0.28,80,0.511,0.199
44895,0.2,0.3,11,100000,750,0.28,80,0.512,0.199
45260,0.2,0.3,11,100000,750,0.28,80,0.513,0.199
45625,0.2,0.3,11,100000,750,0.28,80,0.514,0.2
45990,0.2,0.3,11,100000,750,0.28,80,0.515,0.2
46355,0.2,0.3,11,100000,750,0.28,80,0.516,0.2
46720,0.2,0.3,11,100000,750,0.28,80,0.517,0.201
47085,0.2,0.3,11,100000,750,0.28,80,0.518,0.201
47450,0.2,0.3,11,100000,750,0.28,80,0.52,0.201
47815,0.2,0.3,11,100000,750,0.28,80,0.521,0.201
48180,0.2,0.3,11,100000,750,0.28,80,0.522,0.201
48545,0.2,0.3,11,100000,750,0.28,80,0.523,0.202
48910,0.2,0.3,11,100000,750,0.28,80,0.524,0.202
49275,0.2,0.3,11,100000,750,0.28,80,0.526,0.202
49640,0.2,0.3,11,100000,750,0.28,80,0.527,0.202
50005,0.2,0.3,11,100000,750,0.28,80,0.528,0.203
50370,0.2,0.3,11,100000,750,0.28,80,0.529,0.203
50735,0.2,0.3,11,100000,750,0.28,80,0.53,0.203
51100,0.2,0.3,11,100000,750,0.28,80,0.532,0.203
51465,0.2,0.3,11,100000,750,0.28,80,0.533,0.203
51830,0.2,0.3,11,100000,750,0.28,80,0.534,0.203
52195,0.2,0.3,11,100000,750,0.28,80,0.535,0.203
52560,0.2,0.3,11,100000,750,0.28,80,0.536,0.203
52925,0.2,0.3,11,100000,750,0.28,80,0.538,0.203
53290,0.2,0.3,11,100000,750,0.28,80,0.539,0.203
53655,0.2,0.3,11,100000,750,0.28,80,0.54,0.203
54020,0.2,0.3,11,100000,750,0.28,80,0.541,0.203
54385,0.2,0.3,11,100000,750,0.28,80,0.542,0.203
54750,0.2,0.3,11,100000,750,0.28,80,0.543,0.203
55115,0.2,0.3,11,100000,750,0.28,80,0.544,0.204
55480,0.2,0.3,11,100000,750,0.28,80,0.545,0.205
55845,0.2,0.3,11,100000,750,0.28,80,0.546,0.206
56210,0.2,0.3,11,100000,750,0.28,80,0.546,0.207
56575,0.2,0.3,11,100000,750,0.28,80,0.547,0.207
56940,0.2,0.3,11,100000,750,0.28,80,0.548,0.208
57305,0.2,0.3,11,100000,750,0.28,80,0.549,0.209
57670,0.2,0.3,11,100000,750,0.28,80,0.549,0.21
58035,0.2,0.3,11,100000,750,0.28,80,0.55,0.21
58400,0.2,0.3,11,100000,750,0.28,80,0.551,0.21
58765,0.2,0.3,11,100000,750,0.28,80,0.552,0.21
59130,0.2,0.3,11,100000,750,0.28,80,0.553,0.21
59495,0.2,0.3,11,100000,750,0.28,80,0.554,0.21
59860,0.2,0.3,11,100000,750,0.28,80,0.555,0.21
60225,0.2,0.3,11,100000,750,0.28,80,0.556,0.21
60590,0.2,0.3,11,100000,750,0.28,80,0.557,0.21
60955,0.2,0.3,11,100000,750,0.28,80,0.558,0.21
61320,0.2,0.3,11,100000,750,0.28,80,0.558,0.21
61685,0.2,0.3,11,100000,750,0.28,80,0.559,0.211
62050,0.2,0.3,11,100000,750,0.28,80,0.56,0.211
62415,0.2,0.3,11,100000,750,0.28,80,0.561,0.211
62780,0.2,0.3,11,100000,750,0.28,80,0.562,0.211
63145,0.2,0.3,11,100000,750,0.28,80,0.563,0.212
63510,0.2,0.3,11,100000,750,0.28,80,0.563,0.212
63875,0.2,0.3,11,100000,750,0.28,80,0.564,0.212
64240,0.2,0.3,11,100000,750,0.28,80,0.565,0.212
64605,0.2,0.3,11,100000,750,0.28,80,0.565,0.212
64970,0.2,0.3,11,100000,750,0.28,80,0.566,0.213
65335,0.2,0.3,11,100000,750,0.28,80,0.567,0.213
65700,0.2,0.3,11,100000,750,0.28,80,0.568,0.213
66065,0.2,0.3,11,100000,750,0.28,80,0.569,0.213
66430,0.2,0.3,11,100000,750,0.28,80,0.57,0.213
66795,0.2,0.3,11,100000,750,0.28,80,0.57,0.214
67160,0.2,0.3,11,100000,750,0.28,80,0.571,0.214
67525,0.2,0.3,11,100000,750,0.28,80,0.572,0.214
67890,0.2,0.3,11,100000,750,0.28,80,0.573,0.214
68255,0.2,0.3,11,100000,750,0.28,80,0.574,0.215
68620,0.2,0.3,11,100000,750,0.28,80,0.575,0.215
68985,0.2,0.3,11,100000,750,0.28,80,0.576,0.215
69350,0.2,0.3,11,100000,750,0.28,80,0.577,0.215
69715,0.2,0.3,11,100000,750,0.28,80,0.578,0.215
70080,0.2,0.3,11,100000,750,0.28,80,0.579,0.215
70445,0.2,0.3,11,100000,750,0.28,80,0.58,0.215
70810,0.2,0.3,11,100000,750,0.28,80,0.58,0.215
71175,0.2,0.3,11,100000,750,0.28,80,0.581,0.215
71540,0.2,0.3,11,100000,750,0.28,80,0.582,0.215
71905,0.2,0.3,11,100000,750,0.28,80,0.583,0.215
72270,0.2,0.3,11,100000,750,0.28,80,0.584,0.215
72635,0.2,0.3,11,100000,750,0.28,80,0.584,0.215
73000,0.2,0.3,11,100000,750,0.28,80,0.585,0.215
73365,0.2,0.3,11,100000,750,0.28,80,0.585,0.215
73730,0.2,0.3,11,100000,750,0.28,80,0.585,0.215
74095,0.2,0.3,11,100000,750,0.28,80,0.586,0.215
74460,0.2,0.3,11,100000,750,0.28,80,0.586,0.215
74825,0.2,0.3,11,100000,750,0.28,80,0.586,0.215
75190,0.2,0.3,11,100000,750,0.28,80,0.586,0.215
75555,0.2,0.3,11,100000,750,0.28,80,0.587,0.215
75920,0.2,0.3,11,100000,750,0.28,80,0.587,0.215
76285,0.2,0.3,11,100000,750,0.28,80,0.587,0.215
76650,0.2,0.3,11,100000,750,0.28,80,0.588,0.215
77015,0.2,0.3,11,100000,750,0.28,80,0.589,0.216
77380,0.2,0.3,11,100000,750,0.28,80,0.59,0.216
77745,0.2,0.3,11,100000,750,0.28,80,0.591,0.217
78110,0.2,0.3,11,100000,750,0.28,80,0.592,0.217
78475,0.2,0.3,11,100000,750,0.28,80,0.593,0.218
78840,0.2,0.3,11,100000,750,0.28,80,0.594,0.218
79205,0.2,0.3,11,100000,750,0.28,80,0.595,0.218
79570,0.2,0.3,11,100000,750,0.28,80,0.596,0.219
79935,0.2,0.3,11,100000,750,0.28,80,0.597,0.219
80300,0.2,0.3,11,100000,750,0.28,80,0.598,0.22
80665,0.2,0.3,11,100000,750,0.28,80,0.598,0.22
81030,0.2,0.3,11,100000,750,0.28,80,0.598,0.22
81395,0.2,0.3,11,100000,750,0.28,80,0.599,0.221
81760,0.2,0.3,11,100000,750,0.28,80,0.599,0.221
82125,0.2,0.3,11,100000,750,0.28,80,0.6,0.221
82490,0.2,0.3,11,100000,750,0.28,80,0.6,0.221
82855,0.2,0.3,11,100000,750,0.28,80,0.601,0.222
83220,0.2,0.3,11,100000,750,0.28,80,0.601,0.222
83585,0.2,0.3,11,100000,750,0.28,80,0.602,0.222
83950,0.2,0.3,11,100000,750,0.28,80,0.603,0.223
84315,0.2,0.3,11,100000,750,0.28,80,0.603,0.222
84680,0.2,0.3,11,100000,750,0.28,80,0.604,0.222
85045,0.2,0.3,11,100000,750,0.28,80,0.605,0.221
85410,0.2,0.3,11,100000,750,0.28,80,0.606,0.221
85775,0.2,0.3,11,100000,750,0.28,80,0.606,0.22
86140,0.2,0.3,11,100000,750,0.28,80,0.607,0.22
86505,0.2,0.3,11,100000,750,0.28,80,0.608,0.219
86870,0.2,0.3,11,100000,750,0.28,80,0.608,0.219
87235,0.2,0.3,11,100000,750,0.28,80,0.609,0.218
87600,0.2,0.3,11,100000,750,0.28,80,0.61,0.218
87965,0.2,0.3,11,100000,750,0.28,80,0.61,0.218
88330,0.2,0.3,11,100000,750,0.28,80,0.611,0.219
88695,0.2,0.3,11,100000,750,0.28,80,0.611,0.22
89060,0.2,0.3,11,100000,750,0.28,80,0.612,0.221
89425,0.2,0.3,11,100000,750,0.28,80,0.612,0.221
89790,0.2,0.3,11,100000,750,0.28,80,0.613,0.222
90155,0.2,0.3,11,100000,750,0.28,80,0.613,0.223
90520,0.2,0.3,11,100000,750,0.28,80,0.613,0.224
90885,0.2,0.3,11,100000,750,0.28,80,0.614,0.224
91250,0.2,0.3,11,100000,750,0.28,80,0.614,0.225
91615,0.2,0.3,11,100000,750,0.28,80,0.615,0.225
91980,0.2,0.3,11,100000,750,0.28,80,0.615,0.226
92345,0.2,0.3,11,100000,750,0.28,80,0.616,0.226
92710,0.2,0.3,11,100000,750,0.28,80,0.616,0.226
93075,0.2,0.3,11,100000,750,0.28,80,0.617,0.226
93440,0.2,0.3,11,100000,750,0.28,80,0.617,0.227
93805,0.2,0.3,11,100000,750,0.28,80,0.618,0.227
94170,0.2,0.3,11,100000,750,0.28,80,0.618,0.227
94535,0.2,0.3,11,100000,750,0.28,80,0.619,0.227
94900,0.2,0.3,11,100000,750,0.28,80,0.619,0.227
95265,0.2,0.3,11,100000,750,0.28,80,0.62,0.227
95630,0.2,0.3,11,100000,750,0.28,80,0.62,0.227
95995,0.2,0.3,11,100000,750,0.28,80,0.621,0.227
96360,0.2,0.3,11,100000,750,0.28,80,0.621,0.226
96725,0.2,0.3,11,100000,750,0.28,80,0.622,0.226
97090,0.2,0.3,11,100000,750,0.28,80,0.622,0.226
97455,0.2,0.3,11,100000,750,0.28,80,0.623,0.226
97820,0.2,0.3,11,100000,750,0.28,80,0.623,0.225
98185,0.2,0.3,11,100000,750,0.28,80,0.624,0.225
98550,0.2,0.3,11,100000,750,0.28,80,0.624,0.225
98915,0.2,0.3,11,100000,750,0.28,80,0.625,0.225
99280,0.2,0.3,11,100000,750,0.28,80,0.625,0.226
99645,0.2,0.3,11,100000,750,0.28,80,0.626,0.226
100010,0.2,0.3,11,100000,750,0.28,80,0.626,0.226
100375,0.2,0.3,11,100000,750,0.28,80,0.626,0.226
100740,0.2,0.3,11,100000,750,0.28,80,0.627,0.227
101105,0.2,0.3,11,100000,750,0.28,80,0.627,0.227
101470,0.2,0.3,11,100000,750,0.28,80,0.628,0.227
101835,0.2,0.3,11,100000,750,0.28,80,0.628,0.227
102200,0.2,0.3,11,100000,750,0.28,80,0.629,0.228
102565,0.2,0.3,11,100000,750,0.28,80,0.629,0.228
102930,0.2,0.3,11,100000,750,0.28,80,0.63,0.228
103295,0.2,0.3,11,100000,750,0.28,80,0.63,0.228
103660,0.2,0.3,11,100000,750,0.28,80,0.631,0.229
104025,0.2,0.3,11,100000,750,0.28,80,0.631,0.229
104390,0.2,0.3,11,100000,750,0.28,80,0.632,0.229
104755,0.2,0.3,11,100000,750,0.28,80,0.632,0.229
105120,0.2,0.3,11,100000,750,0.28,80,0.632,0.23
105485,0.2,0.3,11,100000,750,0.28,80,0.633,0.23
105850,0.2,0.3,11,100000,750,0.28,80,0.633,0.23
106215,0.2,0.3,11,100000,750,0.28,80,0.634,0.23
106580,0.2,0.3,11,100000,750,0.28,80,0.634,0.23
106945,0.2,0.3,11,100000,750,0.28,80,0.634,0.23
107310,0.2,0.3,11,100000,750,0.28,80,0.635,0.23
107675,0.2,0.3,11,100000,750,0.28,80,0.635,0.23
108040,0.2,0.3,11,100000,750,0.28,80,0.635,0.23
108405,0.2,0.3,11,100000,750,0.28,80,0.636,0.23
108770,0.2,0.3,11,100000,750,0.28,80,0.636,0.23
20075,0.179,7.09,350,35000,2490,0.05,1508.76,0.3446,0.1758
20440,0.179,7.09,350,35000,2490,0.05,1508.76,0.3454,0.1763
20805,0.179,7.09,350,35000,2490,0.05,1508.76,0.3463,0.1768
21170,0.179,7.09,350,35000,2490,0.05,1508.76,0.3471,0.1774
21535,0.179,7.09,350,35000,2490,0.05,1508.76,0.3479,0.1779
21900,0.179,7.09,350,35000,2490,0.05,1508.76,0.3487,0.1785
22265,0.179,7.09,350,35000,2490,0.05,1508.76,0.3495,0.179
22630,0.179,7.09,350,35000,2490,0.05,1508.76,0.3504,0.1796
22995,0.179,7.09,350,35000,2490,0.05,1508.76,0.3512,0.1801
23360,0.179,7.09,350,35000,2490,0.05,1508.76,0.352,0.1807
23725,0.179,7.09,350,35000,2490,0.05,1508.76,0.3528,0.1812
24090,0.179,7.09,350,35000,2490,0.05,1508.76,0.3536,0.1817
24455,0.179,7.09,350,35000,2490,0.05,1508.76,0.3545,0.1823
24820,0.179,7.09,350,35000,2490,0.05,1508.76,0.3553,0.1828
25185,0.179,7.09,350,35000,2490,0.05,1508.76,0.3561,0.1834
25550,0.179,7.09,350,35000,2490,0.05,1508.76,0.3569,0.1839
25915,0.179,7.09,350,35000,2490,0.05,1508.76,0.3577,0.1845
26280,0.179,7.09,350,35000,2490,0.05,1508.76,0.3586,0.185
26645,0.179,7.09,350,35000,2490,0.05,1508.76,0.3594,0.1855
27010,0.179,7.09,350,35000,2490,0.05,1508.76,0.3602,0.1861
27375,0.179,7.09,350,35000,2490,0.05,1508.76,0.361,0.1866
27740,0.179,7.09,350,35000,2490,0.05,1508.76,0.3618,0.1872
28105,0.179,7.09,350,35000,2490,0.05,1508.76,0.3627,0.1877
28470,0.179,7.09,350,35000,2490,0.05,1508.76,0.3635,0.1883
28835,0.179,7.09,350,35000,2490,0.05,1508.76,0.3643,0.1888
29200,0.179,7.09,350,35000,2490,0.05,1508.76,0.3651,0.1894
29565,0.179,7.09,350,35000,2490,0.05,1508.76,0.3659,0.1899
29930,0.179,7.09,350,35000,2490,0.05,1508.76,0.3668,0.1904
30295,0.179,7.09,350,35000,2490,0.05,1508.76,0.3676,0.191
30660,0.179,7.09,350,35000,2490,0.05,1508.76,0.3684,0.1915
31025,0.179,7.09,350,35000,2490,0.05,1508.76,0.3692,0.1921
31390,0.179,7.09,350,35000,2490,0.05,1508.76,0.37,0.1926
31755,0.179,7.09,350,35000,2490,0.05,1508.76,0.3709,0.1932
32120,0.179,7.09,350,35000,2490,0.05,1508.76,0.3717,0.1937
32485,0.179,7.09,350,35000,2490,0.05,1508.76,0.3725,0.1943
32850,0.179,7.09,350,35000,2490,0.05,1508.76,0.3733,0.1948
33215,0.179,7.09,350,35000,2490,0.05,1508.76,0.3741,0.1953
33580,0.179,7.09,350,35000,2490,0.05,1508.76,0.375,0.1959
33945,0.179,7.09,350,35000,2490,0.05,1508.76,0.3758,0.1964
34310,0.179,7.09,350,35000,2490,0.05,1508.76,0.3766,0.197
34675,0.179,7.09,350,35000,2490,0.05,1508.76,0.3774,0.1975
35040,0.179,7.09,350,35000,2490,0.05,1508.76,0.3782,0.1981
35405,0.179,7.09,350,35000,2490,0.05,1508.76,0.3791,0.1986
35770,0.179,7.09,350,35000,2490,0.05,1508.76,0.3799,0.1992
36135,0.179,7.09,350,35000,2490,0.05,1508.76,0.3807,0.1997
36500,0.179,7.09,350,35000,2490,0.05,1508.76,0.3815,0.2002
36865,0.179,7.09,350,35000,2490,0.05,1508.76,0.3823,0.2008
37230,0.179,7.09,350,35000,2490,0.05,1508.76,0.3832,0.2013
37595,0.179,7.09,350,35000,2490,0.05,1508.76,0.384,0.2019
37960,0.179,7.09,350,35000,2490,0.05,1508.76,0.3848,0.2024
38325,0.179,7.09,350,35000,2490,0.05,1508.76,0.3854,0.203
38690,0.179,7.09,350,35000,2490,0.05,1508.76,0.3858,0.2035
39055,0.179,7.09,350,35000,2490,0.05,1508.76,0.3861,0.2039
39420,0.179,7.09,350,35000,2490,0.05,1508.76,0.3865,0.2041
39785,0.179,7.09,350,35000,2490,0.05,1508.76,0.3869,0.2044
40150,0.179,7.09,350,35000,2490,0.05,1508.76,0.3873,0.2046
40515,0.179,7.09,350,35000,2490,0.05,1508.76,0.3876,0.2049
40880,0.179,7.09,350,35000,2490,0.05,1508.76,0.388,0.2051
41245,0.179,7.09,350,35000,2490,0.05,1508.76,0.3884,0.2054
41610,0.179,7.09,350,35000,2490,0.05,1508.76,0.3888,0.2056
41975,0.179,7.09,350,35000,2490,0.05,1508.76,0.3891,0.2059
42340,0.179,7.09,350,35000,2490,0.05,1508.76,0.3895,0.2061
42705,0.179,7.09,350,35000,2490,0.05,1508.76,0.3899,0.2064
43070,0.179,7.09,350,35000,2490,0.05,1508.76,0.3903,0.2066
43435,0.179,7.09,350,35000,2490,0.05,1508.76,0.3906,0.2069
43800,0.179,7.09,350,35000,2490,0.05,1508.76,0.391,0.2071
44165,0.179,7.09,350,35000,2490,0.05,1508.76,0.3914,0.2074
44530,0.179,7.09,350,35000,2490,0.05,1508.76,0.3918,0.2076
44895,0.179,7.09,350,35000,2490,0.05,1508.76,0.3921,0.2079
45260,0.179,7.09,350,35000,2490,0.05,1508.76,0.3925,0.2081
45625,0.179,7.09,350,35000,2490,0.05,1508.76,0.3929,0.2084
45990,0.179,7.09,350,35000,2490,0.05,1508.76,0.3933,0.2086
46355,0.179,7.09,350,35000,2490,0.05,1508.76,0.3936,0.2089
46720,0.179,7.09,350,35000,2490,0.05,1508.76,0.394,0.2091
47085,0.179,7.09,350,35000,2490,0.05,1508.76,0.3944,0.2094
47450,0.179,7.09,350,35000,2490,0.05,1508.76,0.3948,0.2096
47815,0.179,7.09,350,35000,2490,0.05,1508.76,0.3951,0.2099
48180,0.179,7.09,350,35000,2490,0.05,1508.76,0.3955,0.2101
48545,0.179,7.09,350,35000,2490,0.05,1508.76,0.3959,0.2104
48910,0.179,7.09,350,35000,2490,0.05,1508.76,0.3963,0.2106
49275,0.179,7.09,350,35000,2490,0.05,1508.76,0.3966,0.2109
49640,0.179,7.09,350,35000,2490,0.05,1508.76,0.397,0.2111
50005,0.179,7.09,350,35000,2490,0.05,1508.76,0.3974,0.2114
50370,0.179,7.09,350,35000,2490,0.05,1508.76,0.3978,0.2116
50735,0.179,7.09,350,35000,2490,0.05,1508.76,0.3981,0.2119
51100,0.179,7.09,350,35000,2490,0.05,1508.76,0.3985,0.2121
51465,0.179,7.09,350,35000,2490,0.05,1508.76,0.3989,0.2124
51830,0.179,7.09,350,35000,2490,0.05,1508.76,0.3993,0.2126
52195,0.179,7.09,350,35000,2490,0.05,1508.76,0.3996,0.2129
52560,0.179,7.09,350,35000,2490,0.05,1508.76,0.4,0.2131
52925,0.179,7.09,350,35000,2490,0.05,1508.76,0.4004,0.2134
53290,0.179,7.09,350,35000,2490,0.05,1508.76,0.4008,0.2136
53655,0.179,7.09,350,35000,2490,0.05,1508.76,0.4011,0.2139
54020,0.179,7.09,350,35000,2490,0.05,1508.76,0.4015,0.2141
54385,0.179,7.09,350,35000,2490,0.05,1508.76,0.4019,0.2144
54750,0.179,7.09,350,35000,2490,0.05,1508.76,0.4023,0.2146
55115,0.179,7.09,350,35000,2490,0.05,1508.76,0.4026,0.2149
55480,0.179,7.09,350,35000,2490,0.05,1508.76,0.403,0.2151
55845,0.179,7.09,350,35000,2490,0.05,1508.76,0.4034,0.2154
56210,0.179,7.09,350,35000,2490,0.05,1508.76,0.4038,0.2156
56575,0.179,7.09,350,35000,2490,0.05,1508.76,0.4041,0.2159
56940,0.179,7.09,350,35000,2490,0.05,1508.76,0.4045,0.2161
57305,0.179,7.09,350,35000,2490,0.05,1508.76,0.4049,0.2164
57670,0.179,7.09,350,35000,2490,0.05,1508.76,0.4053,0.2166
58035,0.179,7.09,350,35000,2490,0.05,1508.76,0.4056,0.2169
58400,0.179,7.09,350,35000,2490,0.05,1508.76,0.406,0.2171
58765,0.179,7.09,350,35000,2490,0.05,1508.76,0.4064,0.2174
59130,0.179,7.09,350,35000,2490,0.05,1508.76,0.4068,0.2176
59495,0.179,7.09,350,35000,2490,0.05,1508.76,0.4071,0.2179
59860,0.179,7.09,350,35000,2490,0.05,1508.76,0.4076,0.2181
60225,0.179,7.09,350,35000,2490,0.05,1508.76,0.4081,0.2184
60590,0.179,7.09,350,35000,2490,0.05,1508.76,0.4087,0.2187
60955,0.179,7.09,350,35000,2490,0.05,1508.76,0.4093,0.2192
61320,0.179,7.09,350,35000,2490,0.05,1508.76,0.4098,0.2197
61685,0.179,7.09,350,35000,2490,0.05,1508.76,0.4104,0.2202
62050,0.179,7.09,350,35000,2490,0.05,1508.76,0.411,0.2207
62415,0.179,7.09,350,35000,2490,0.05,1508.76,0.4115,0.2212
62780,0.179,7.09,350,35000,2490,0.05,1508.76,0.4121,0.2217
63145,0.179,7.09,350,35000,2490,0.05,1508.76,0.4127,0.2222
63510,0.179,7.09,350,35000,2490,0.05,1508.76,0.4132,0.2227
63875,0.179,7.09,350,35000,2490,0.05,1508.76,0.4138,0.2232
64240,0.179,7.09,350,35000,2490,0.05,1508.76,0.4143,0.2237
64605,0.179,7.09,350,35000,2490,0.05,1508.76,0.4149,0.2242
64970,0.179,7.09,350,35000,2490,0.05,1508.76,0.4155,0.2247
65335,0.179,7.09,350,35000,2490,0.05,1508.76,0.416,0.2252
65700,0.179,7.09,350,35000,2490,0.05,1508.76,0.4166,0.2258
66065,0.179,7.09,350,35000,2490,0.05,1508.76,0.4172,0.2263
66430,0.179,7.09,350,35000,2490,0.05,1508.76,0.4177,0.2268
66795,0.179,7.09,350,35000,2490,0.05,1508.76,0.4183,0.2273
67160,0.179,7.09,350,35000,2490,0.05,1508.76,0.4189,0.2278
67525,0.179,7.09,350,35000,2490,0.05,1508.76,0.4194,0.2283
67890,0.179,7.09,350,35000,2490,0.05,1508.76,0.42,0.2288
68255,0.179,7.09,350,35000,2490,0.05,1508.76,0.4205,0.2293
68620,0.179,7.09,350,35000,2490,0.05,1508.76,0.4211,0.2298
68985,0.179,7.09,350,35000,2490,0.05,1508.76,0.4217,0.2303
69350,0.179,7.09,350,35000,2490,0.05,1508.76,0.4222,0.2308
69715,0.179,7.09,350,35000,2490,0.05,1508.76,0.4228,0.2313
70080,0.179,7.09,350,35000,2490,0.05,1508.76,0.4234,0.2318
70445,0.179,7.09,350,35000,2490,0.05,1508.76,0.4239,0.2323
70810,0.179,7.09,350,35000,2490,0.05,1508.76,0.4245,0.2328
71175,0.179,7.09,350,35000,2490,0.05,1508.76,0.4251,0.2333
71540,0.179,7.09,350,35000,2490,0.05,1508.76,0.4256,0.2338
71905,0.179,7.09,350,35000,2490,0.05,1508.76,0.4262,0.2343
72270,0.179,7.09,350,35000,2490,0.05,1508.76,0.4268,0.2348
72635,0.179,7.09,350,35000,2490,0.05,1508.76,0.4273,0.2353
73000,0.179,7.09,350,35000,2490,0.05,1508.76,0.4279,0.2358
73365,0.179,7.09,350,35000,2490,0.05,1508.76,0.4284,0.2363
73730,0.179,7.09,350,35000,2490,0.05,1508.76,0.429,0.2368
74095,0.179,7.09,350,35000,2490,0.05,1508.76,0.4296,0.2373
74460,0.179,7.09,350,35000,2490,0.05,1508.76,0.4301,0.2378
74825,0.179,7.09,350,35000,2490,0.05,1508.76,0.4307,0.2383
75190,0.179,7.09,350,35000,2490,0.05,1508.76,0.4313,0.2388
75555,0.179,7.09,350,35000,2490,0.05,1508.76,0.4318,0.2393
75920,0.179,7.09,350,35000,2490,0.05,1508.76,0.4324,0.2398
76285,0.179,7.09,350,35000,2490,0.05,1508.76,0.433,0.2403
76650,0.179,7.09,350,35000,2490,0.05,1508.76,0.4335,0.2408
77015,0.179,7.09,350,35000,2490,0.05,1508.76,0.4341,0.2413
77380,0.179,7.09,350,35000,2490,0.05,1508.76,0.4346,0.2418
77745,0.179,7.09,350,35000,2490,0.05,1508.76,0.4352,0.2423
78110,0.179,7.09,350,35000,2490,0.05,1508.76,0.4358,0.2428
78475,0.179,7.09,350,35000,2490,0.05,1508.76,0.4363,0.2433
78840,0.179,7.09,350,35000,2490,0.05,1508.76,0.4369,0.2438
79205,0.179,7.09,350,35000,2490,0.05,1508.76,0.4372,0.2443
79570,0.179,7.09,350,35000,2490,0.05,1508.76,0.4373,0.2445
79935,0.179,7.09,350,35000,2490,0.05,1508.76,0.4375,0.2446
80300,0.179,7.09,350,35000,2490,0.05,1508.76,0.4377,0.2447
80665,0.179,7.09,350,35000,2490,0.05,1508.76,0.4379,0.2448
81030,0.179,7.09,350,35000,2490,0.05,1508.76,0.4381,0.2449
81395,0.179,7.09,350,35000,2490,0.05,1508.76,0.4382,0.245
81760,0.179,7.09,350,35000,2490,0.05,1508.76,0.4384,0.2451
82125,0.179,7.09,350,35000,2490,0.05,1508.76,0.4386,0.2451
82490,0.179,7.09,350,35000,2490,0.05,1508.76,0.4388,0.2452
82855,0.179,7.09,350,35000,2490,0.05,1508.76,0.4389,0.2453
83220,0.179,7.09,350,35000,2490,0.05,1508.76,0.4391,0.2454
83585,0.179,7.09,350,35000,2490,0.05,1508.76,0.4393,0.2455
83950,0.179,7.09,350,35000,2490,0.05,1508.76,0.4395,0.2456
84315,0.179,7.09,350,35000,2490,0.05,1508.76,0.4396,0.2457
84680,0.179,7.09,350,35000,2490,0.05,1508.76,0.4398,0.2458
85045,0.179,7.09,350,35000,2490,0.05,1508.76,0.44,0.2459
85410,0.179,7.09,350,35000,2490,0.05,1508.76,0.4402,0.246
85775,0.179,7.09,350,35000,2490,0.05,1508.76,0.4403,0.246
86140,0.179,7.09,350,35000,2490,0.05,1508.76,0.4405,0.2461
86505,0.179,7.09,350,35000,2490,0.05,1508.76,0.4407,0.2462
86870,0.179,7.09,350,35000,2490,0.05,1508.76,0.4409,0.2463
87235,0.179,7.09,350,35000,2490,0.05,1508.76,0.441,0.2464
87600,0.179,7.09,350,35000,2490,0.05,1508.76,0.4412,0.2465
87965,0.179,7.09,350,35000,2490,0.05,1508.76,0.4414,0.2466
88330,0.179,7.09,350,35000,2490,0.05,1508.76,0.4416,0.2467
88695,0.179,7.09,350,35000,2490,0.05,1508.76,0.4418,0.2468
89060,0.179,7.09,350,35000,2490,0.05,1508.76,0.4419,0.2469
89425,0.179,7.09,350,35000,2490,0.05,1508.76,0.4421,0.247
89790,0.179,7.09,350,35000,2490,0.05,1508.76,0.4423,0.247
90155,0.179,7.09,350,35000,2490,0.05,1508.76,0.4425,0.2471
90520,0.179,7.09,350,35000,2490,0.05,1508.76,0.4426,0.2472
90885,0.179,7.09,350,35000,2490,0.05,1508.76,0.4428,0.2473
91250,0.179,7.09,350,35000,2490,0.05,1508.76,0.443,0.2474
91615,0.179,7.09,350,35000,2490,0.05,1508.76,0.4432,0.2475
91980,0.179,7.09,350,35000,2490,0.05,1508.76,0.4433,0.2476
92345,0.179,7.09,350,35000,2490,0.05,1508.76,0.4435,0.2477
92710,0.179,7.09,350,35000,2490,0.05,1508.76,0.4437,0.2478
93075,0.179,7.09,350,35000,2490,0.05,1508.76,0.4439,0.2479
93440,0.179,7.09,350,35000,2490,0.05,1508.76,0.444,0.2479
93805,0.179,7.09,350,35000,2490,0.05,1508.76,0.4442,0.248
94170,0.179,7.09,350,35000,2490,0.05,1508.76,0.4444,0.2481
94535,0.179,7.09,350,35000,2490,0.05,1508.76,0.4447,0.2484
94900,0.179,7.09,350,35000,2490,0.05,1508.76,0.4451,0.2487
95265,0.179,7.09,350,35000,2490,0.05,1508.76,0.4455,0.249
95630,0.179,7.09,350,35000,2490,0.05,1508.76,0.4459,0.2493
95995,0.179,7.09,350,35000,2490,0.05,1508.76,0.4463,0.2496
96360,0.179,7.09,350,35000,2490,0.05,1508.76,0.4467,0.2499
96725,0.179,7.09,350,35000,2490,0.05,1508.76,0.4471,0.2502
97090,0.179,7.09,350,35000,2490,0.05,1508.76,0.4475,0.2505
97455,0.179,7.09,350,35000,2490,0.05,1508.76,0.4479,0.2508
97820,0.179,7.09,350,35000,2490,0.05,1508.76,0.4483,0.2511
98185,0.179,7.09,350,35000,2490,0.05,1508.76,0.4487,0.2514
98550,0.179,7.09,350,35000,2490,0.05,1508.76,0.4491,0.2517
98915,0.179,7.09,350,35000,2490,0.05,1508.76,0.4495,0.252
99280,0.179,7.09,350,35000,2490,0.05,1508.76,0.4499,0.2523
99645,0.179,7.09,350,35000,2490,0.05,1508.76,0.4503,0.2526
100010,0.179,7.09,350,35000,2490,0.05,1508.76,0.4507,0.2529
100375,0.179,7.09,350,35000,2490,0.05,1508.76,0.4511,0.2532
100740,0.179,7.09,350,35000,2490,0.05,1508.76,0.4515,0.2535
101105,0.179,7.09,350,35000,2490,0.05,1508.76,0.4518,0.2538
101470,0.179,7.09,350,35000,2490,0.05,1508.76,0.4522,0.2541
101835,0.179,7.09,350,35000,2490,0.05,1508.76,0.4526,0.2544
102200,0.179,7.09,350,35000,2490,0.05,1508.76,0.453,0.2548
102565,0.179,7.09,350,35000,2490,0.05,1508.76,0.4534,0.2551
102930,0.179,7.09,350,35000,2490,0.05,1508.76,0.4538,0.2554
103295,0.179,7.09,350,35000,2490,0.05,1508.76,0.4542,0.2557
103660,0.179,7.09,350,35000,2490,0.05,1508.76,0.4546,0.256
104025,0.179,7.09,350,35000,2490,0.05,1508.76,0.455,0.2563
104390,0.179,7.09,350,35000,2490,0.05,1508.76,0.4554,0.2566
104755,0.179,7.09,350,35000,2490,0.05,1508.76,0.4558,0.2569
105120,0.179,7.09,350,35000,2490,0.05,1508.76,0.4562,0.2572
105485,0.179,7.09,350,35000,2490,0.05,1508.76,0.4566,0.2575
105850,0.179,7.09,350,35000,2490,0.05,1508.76,0.457,0.2578
106215,0.179,7.09,350,35000,2490,0.05,1508.76,0.4574,0.2581
106580,0.179,7.09,350,35000,2490,0.05,1508.76,0.4578,0.2584
106945,0.179,7.09,350,35000,2490,0.05,1508.76,0.4582,0.2587
107310,0.179,7.09,350,35000,2490,0.05,1508.76,0.4586,0.259
107675,0.179,7.09,350,35000,2490,0.05,1508.76,0.459,0.2593
108040,0.179,7.09,350,35000,2490,0.05,1508.76,0.4594,0.2596
108405,0.179,7.09,350,35000,2490,0.05,1508.76,0.4598,0.2599
108770,0.179,7.09,350,35000,2490,0.05,1508.76,0.4602,0.2602
109135,0.179,7.09,350,35000,2490,0.05,1508.76,0.4606,0.2605
109500,0.179,7.09,350,35000,2490,0.05,1508.76,0.4609,0.2608
109865,0.179,7.09,350,35000,2490,0.05,1508.76,0.4613,0.2611
110230,0.179,7.09,350,35000,2490,0.05,1508.76,0.4617,0.2614
110595,0.179,7.09,350,35000,2490,0.05,1508.76,0.4621,0.2617
110960,0.179,7.09,350,35000,2490,0.05,1508.76,0.4625,0.262
111325,0.179,7.09,350,35000,2490,0.05,1508.76,0.4629,0.2624
111690,0.179,7.09,350,35000,2490,0.05,1508.76,0.4632,0.2627
112055,0.179,7.09,350,35000,2490,0.05,1508.76,0.4634,0.263
112420,0.179,7.09,350,35000,2490,0.05,1508.76,0.4636,0.2631
112785,0.179,7.09,350,35000,2490,0.05,1508.76,0.4639,0.2633
113150,0.179,7.09,350,35000,2490,0.05,1508.76,0.4641,0.2634
113515,0.179,7.09,350,35000,2490,0.05,1508.76,0.4643,0.2636
113880,0.179,7.09,350,35000,2490,0.05,1508.76,0.4646,0.2638
114245,0.179,7.09,350,35000,2490,0.05,1508.76,0.4648,0.2639
114610,0.179,7.09,350,35000,2490,0.05,1508.76,0.465,0.2641
114975,0.179,7.09,350,35000,2490,0.05,1508.76,0.4653,0.2642
115340,0.179,7.09,350,35000,2490,0.05,1508.76,0.4655,0.2644
115705,0.179,7.09,350,35000,2490,0.05,1508.76,0.4657,0.2645
116070,0.179,7.09,350,35000,2490,0.05,1508.76,0.466,0.2647
116435,0.179,7.09,350,35000,2490,0.05,1508.76,0.4662,0.2649
116800,0.179,7.09,350,35000,2490,0.05,1508.76,0.4664,0.265
117165,0.179,7.09,350,35000,2490,0.05,1508.76,0.4667,0.2652
117530,0.179,7.09,350,35000,2490,0.05,1508.76,0.4669,0.2653
117895,0.179,7.09,350,35000,2490,0.05,1508.76,0.4671,0.2655
118260,0.179,7.09,350,35000,2490,0.05,1508.76,0.4674,0.2657
118625,0.179,7.09,350,35000,2490,0.05,1508.76,0.4676,0.2658
118990,0.179,7.09,350,35000,2490,0.05,1508.76,0.4678,0.266
119355,0.179,7.09,350,35000,2490,0.05,1508.76,0.4681,0.2661
119720,0.179,7.09,350,35000,2490,0.05,1508.76,0.4683,0.2663
120085,0.179,7.09,350,35000,2490,0.05,1508.76,0.4685,0.2664
120450,0.179,7.09,350,35000,2490,0.05,1508.76,0.4688,0.2666
120815,0.179,7.09,350,35000,2490,0.05,1508.76,0.469,0.2668
121180,0.179,7.09,350,35000,2490,0.05,1508.76,0.4692,0.2669
121545,0.179,7.09,350,35000,2490,0.05,1508.76,0.4695,0.2671
121910,0.179,7.09,350,35000,2490,0.05,1508.76,0.4697,0.2672
122275,0.179,7.09,350,35000,2490,0.05,1508.76,0.4699,0.2674
122640,0.179,7.09,350,35000,2490,0.05,1508.76,0.4702,0.2676
123005,0.179,7.09,350,35000,2490,0.05,1508.76,0.4704,0.2677
123370,0.179,7.09,350,35000,2490,0.05,1508.76,0.4706,0.2679
123735,0.179,7.09,350,35000,2490,0.05,1508.76,0.4708,0.268
124100,0.179,7.09,350,35000,2490,0.05,1508.76,0.4711,0.2682
124465,0.179,7.09,350,35000,2490,0.05,1508.76,0.4713,0.2683
124830,0.179,7.09,350,35000,2490,0.05,1508.76,0.4715,0.2685
125195,0.179,7.09,350,35000,2490,0.05,1508.76,0.4718,0.2687
125560,0.179,7.09,350,35000,2490,0.05,1508.76,0.472,0.2688
125925,0.179,7.09,350,35000,2490,0.05,1508.76,0.4722,0.269
126290,0.179,7.09,350,35000,2490,0.05,1508.76,0.4725,0.2691
126655,0.179,7.09,350,35000,2490,0.05,1508.76,0.4727,0.2693
127020,0.179,7.09,350,35000,2490,0.05,1508.76,0.4729,0.2694
127385,0.179,7.09,350,35000,2490,0.05,1508.76,0.4732,0.2696
127750,0.179,7.09,350,35000,2490,0.05,1508.76,0.4734,0.2698
128115,0.179,7.09,350,35000,2490,0.05,1508.76,0.4736,0.2699
128480,0.179,7.09,350,35000,2490,0.05,1508.76,0.4739,0.2701
128845,0.179,7.09,350,35000,2490,0.05,1508.76,0.4741,0.2702
129210,0.179,7.09,350,35000,2490,0.05,1508.76,0.4745,0.2704
129575,0.179,7.09,350,35000,2490,0.05,1508.76,0.4748,0.2706
129940,0.179,7.09,350,35000,2490,0.05,1508.76,0.4752,0.2708
130305,0.179,7.09,350,35000,2490,0.05,1508.76,0.4755,0.2709
130670,0.179,7.09,350,35000,2490,0.05,1508.76,0.4759,0.2711
131035,0.179,7.09,350,35000,2490,0.05,1508.76,0.4762,0.2713
131400,0.179,7.09,350,35000,2490,0.05,1508.76,0.4766,0.2715
131765,0.179,7.09,350,35000,2490,0.05,1508.76,0.4769,0.2717
132130,0.179,7.09,350,35000,2490,0.05,1508.76,0.4773,0.2718
132495,0.179,7.09,350,35000,2490,0.05,1508.76,0.4776,0.272
132860,0.179,7.09,350,35000,2490,0.05,1508.76,0.478,0.2722
133225,0.179,7.09,350,35000,2490,0.05,1508.76,0.4784,0.2724
133590,0.179,7.09,350,35000,2490,0.05,1508.76,0.4787,0.2726
133955,0.179,7.09,350,35000,2490,0.05,1508.76,0.4791,0.2727
134320,0.179,7.09,350,35000,2490,0.05,1508.76,0.4794,0.2729
134685,0.179,7.09,350,35000,2490,0.05,1508.76,0.4798,0.2731
135050,0.179,7.09,350,35000,2490,0.05,1508.76,0.4801,0.2733
135415,0.179,7.09,350,35000,2490,0.05,1508.76,0.4805,0.2735
135780,0.179,7.09,350,35000,2490,0.05,1508.76,0.4808,0.2736
136145,0.179,7.09,350,35000,2490,0.05,1508.76,0.4812,0.2738
136510,0.179,7.09,350,35000,2490,0.05,1508.76,0.4815,0.274
136875,0.179,7.09,350,35000,2490,0.05,1508.76,0.4819,0.2742
137240,0.179,7.09,350,35000,2490,0.05,1508.76,0.4822,0.2744
137605,0.179,7.09,350,35000,2490,0.05,1508.76,0.4826,0.2745
137970,0.179,7.09,350,35000,2490,0.05,1508.76,0.4829,0.2747
138335,0.179,7.09,350,35000,2490,0.05,1508.76,0.4833,0.2749
138700,0.179,7.09,350,35000,2490,0.05,1508.76,0.4836,0.2751
139065,0.179,7.09,350,35000,2490,0.05,1508.76,0.484,0.2753
139430,0.179,7.09,350,35000,2490,0.05,1508.76,0.4843,0.2755
139795,0.179,7.09,350,35000,2490,0.05,1508.76,0.4847,0.2756
140160,0.179,7.09,350,35000,2490,0.05,1508.76,0.485,0.2758
140525,0.179,7.09,350,35000,2490,0.05,1508.76,0.4854,0.276
140890,0.179,7.09,350,35000,2490,0.05,1508.76,0.4858,0.2762
141255,0.179,7.09,350,35000,2490,0.05,1508.76,0.4861,0.2764
141620,0.179,7.09,350,35000,2490,0.05,1508.76,0.4865,0.2765
141985,0.179,7.09,350,35000,2490,0.05,1508.76,0.4868,0.2767
142350,0.179,7.09,350,35000,2490,0.05,1508.76,0.4872,0.2769
142715,0.179,7.09,350,35000,2490,0.05,1508.76,0.4875,0.2771
143080,0.179,7.09,350,35000,2490,0.05,1508.76,0.4879,0.2773
143445,0.179,7.09,350,35000,2490,0.05,1508.76,0.4882,0.2774
143810,0.179,7.09,350,35000,2490,0.05,1508.76,0.4886,0.2776
144175,0.179,7.09,350,35000,2490,0.05,1508.76,0.4889,0.2778
144540,0.179,7.09,350,35000,2490,0.05,1508.76,0.489,0.2781
144905,0.179,7.09,350,35000,2490,0.05,1508.76,0.4891,0.2784
145270,0.179,7.09,350,35000,2490,0.05,1508.76,0.4892,0.2788
145635,0.179,7.09,350,35000,2490,0.05,1508.76,0.4893,0.2791
146000,0.179,7.09,350,35000,2490,0.05,1508.76,0.4894,0.2794
146365,0.179,7.09,350,35000,2490,0.05,1508.76,0.4895,0.2797
146730,0.179,7.09,350,35000,2490,0.05,1508.76,0.4896,0.28
147095,0.179,7.09,350,35000,2490,0.05,1508.76,0.4897,0.2803
147460,0.179,7.09,350,35000,2490,0.05,1508.76,0.4898,0.2806
147825,0.179,7.09,350,35000,2490,0.05,1508.76,0.4899,0.281
148190,0.179,7.09,350,35000,2490,0.05,1508.76,0.4901,0.2813
148555,0.179,7.09,350,35000,2490,0.05,1508.76,0.4902,0.2816
148920,0.179,7.09,350,35000,2490,0.05,1508.76,0.4903,0.2819
149285,0.179,7.09,350,35000,2490,0.05,1508.76,0.4904,0.2822
149650,0.179,7.09,350,35000,2490,0.05,1508.76,0.4905,0.2825
150015,0.179,7.09,350,35000,2490,0.05,1508.76,0.4906,0.2828
150380,0.179,7.09,350,35000,2490,0.05,1508.76,0.4907,0.2832
150745,0.179,7.09,350,35000,2490,0.05,1508.76,0.4908,0.2835
151110,0.179,7.09,350,35000,2490,0.05,1508.76,0.4909,0.2838
151475,0.179,7.09,350,35000,2490,0.05,1508.76,0.491,0.2841
151840,0.179,7.09,350,35000,2490,0.05,1508.76,0.4911,0.2844
152205,0.179,7.09,350,35000,2490,0.05,1508.76,0.4912,0.2847
152570,0.179,7.09,350,35000,2490,0.05,1508.76,0.4913,0.285
152935,0.179,7.09,350,35000,2490,0.05,1508.76,0.4914,0.2854
153300,0.179,7.09,350,35000,2490,0.05,1508.76,0.4915,0.2857
153665,0.179,7.09,350,35000,2490,0.05,1508.76,0.4916,0.286
154030,0.179,7.09,350,35000,2490,0.05,1508.76,0.4917,0.2863
154395,0.179,7.09,350,35000,2490,0.05,1508.76,0.4918,0.2866
154760,0.179,7.09,350,35000,2490,0.05,1508.76,0.4919,0.2869
155125,0.179,7.09,350,35000,2490,0.05,1508.76,0.492,0.2872
155490,0.179,7.09,350,35000,2490,0.05,1508.76,0.4921,0.2876
155855,0.179,7.09,350,35000,2490,0.05,1508.76,0.4923,0.2879
156220,0.179,7.09,350,35000,2490,0.05,1508.76,0.4924,0.2882
156585,0.179,7.09,350,35000,2490,0.05,1508.76,0.4925,0.2885
156950,0.179,7.09,350,35000,2490,0.05,1508.76,0.4926,0.2888
157315,0.179,7.09,350,35000,2490,0.05,1508.76,0.4928,0.2889
157680,0.179,7.09,350,35000,2490,0.05,1508.76,0.4931,0.2889
158045,0.179,7.09,350,35000,2490,0.05,1508.76,0.4934,0.2889
158410,0.179,7.09,350,35000,2490,0.05,1508.76,0.4937,0.2889
158775,0.179,7.09,350,35000,2490,0.05,1508.76,0.494,0.2889
159140,0.179,7.09,350,35000,2490,0.05,1508.76,0.4944,0.2889
159505,0.179,7.09,350,35000,2490,0.05,1508.76,0.4947,0.2889
159870,0.179,7.09,350,35000,2490,0.05,1508.76,0.495,0.2889
160235,0.179,7.09,350,35000,2490,0.05,1508.76,0.4953,0.2889
160600,0.179,7.09,350,35000,2490,0.05,1508.76,0.4956,0.2889
160965,0.179,7.09,350,35000,2490,0.05,1508.76,0.4959,0.2889
161330,0.179,7.09,350,35000,2490,0.05,1508.76,0.4962,0.2889
161695,0.179,7.09,350,35000,2490,0.05,1508.76,0.4965,0.2889
162060,0.179,7.09,350,35000,2490,0.05,1508.76,0.4968,0.2889
162425,0.179,7.09,350,35000,2490,0.05,1508.76,0.4971,0.2889
162790,0.179,7.09,350,35000,2490,0.05,1508.76,0.4974,0.2889
163155,0.179,7.09,350,35000,2490,0.05,1508.76,0.4977,0.2889
163520,0.179,7.09,350,35000,2490,0.05,1508.76,0.498,0.2889
163885,0.179,7.09,350,35000,2490,0.05,1508.76,0.4983,0.2889
164250,0.179,7.09,350,35000,2490,0.05,1508.76,0.4986,0.2889
164615,0.179,7.09,350,35000,2490,0.05,1508.76,0.4989,0.2889
164980,0.179,7.09,350,35000,2490,0.05,1508.76,0.4992,0.2889
165345,0.179,7.09,350,35000,2490,0.05,1508.76,0.4996,0.2889
165710,0.179,7.09,350,35000,2490,0.05,1508.76,0.4999,0.2889
166075,0.179,7.09,350,35000,2490,0.05,1508.76,0.5002,0.2889
166440,0.179,7.09,350,35000,2490,0.05,1508.76,0.5005,0.2889
166805,0.179,7.09,350,35000,2490,0.05,1508.76,0.5008,0.2889
167170,0.179,7.09,350,35000,2490,0.05,1508.76,0.5011,0.2889
167535,0.179,7.09,350,35000,2490,0.05,1508.76,0.5014,0.2889
167900,0.179,7.09,350,35000,2490,0.05,1508.76,0.5017,0.2889
168265,0.179,7.09,350,35000,2490,0.05,1508.76,0.502,0.2889
168630,0.179,7.09,350,35000,2490,0.05,1508.76,0.5023,0.2889
168995,0.179,7.09,350,35000,2490,0.05,1508.76,0.5026,0.2889
169360,0.179,7.09,350,35000,2490,0.05,1508.76,0.5029,0.2889
169725,0.179,7.09,350,35000,2490,0.05,1508.76,0.5032,0.2889
170090,0.179,7.09,350,35000,2490,0.05,1508.76,0.5035,0.2889
170455,0.179,7.09,350,35000,2490,0.05,1508.76,0.5037,0.2889
170820,0.179,7.09,350,35000,2490,0.05,1508.76,0.5037,0.2889
171185,0.179,7.09,350,35000,2490,0.05,1508.76,0.5037,0.289
171550,0.179,7.09,350,35000,2490,0.05,1508.76,0.5037,0.2893
171915,0.179,7.09,350,35000,2490,0.05,1508.76,0.5037,0.2896
172280,0.179,7.09,350,35000,2490,0.05,1508.76,0.5037,0.2898
172645,0.179,7.09,350,35000,2490,0.05,1508.76,0.5037,0.2901
173010,0.179,7.09,350,35000,2490,0.05,1508.76,0.5037,0.2904
173375,0.179,7.09,350,35000,2490,0.05,1508.76,0.5037,0.2906
173740,0.179,7.09,350,35000,2490,0.05,1508.76,0.5037,0.2909
174105,0.179,7.09,350,35000,2490,0.05,1508.76,0.5037,0.2912
174470,0.179,7.09,350,35000,2490,0.05,1508.76,0.5037,0.2914
174835,0.179,7.09,350,35000,2490,0.05,1508.76,0.5037,0.2917
175200,0.179,7.09,350,35000,2490,0.05,1508.76,0.5037,0.292
175565,0.179,7.09,350,35000,2490,0.05,1508.76,0.5037,0.2922
175930,0.179,7.09,350,35000,2490,0.05,1508.76,0.5037,0.2925
176295,0.179,7.09,350,35000,2490,0.05,1508.76,0.5037,0.2928
176660,0.179,7.09,350,35000,2490,0.05,1508.76,0.5037,0.293
177025,0.179,7.09,350,35000,2490,0.05,1508.76,0.5037,0.2933
177390,0.179,7.09,350,35000,2490,0.05,1508.76,0.5037,0.2936
177755,0.179,7.09,350,35000,2490,0.05,1508.76,0.5037,0.2938
178120,0.179,7.09,350,35000,2490,0.05,1508.76,0.5037,0.2941
178485,0.179,7.09,350,35000,2490,0.05,1508.76,0.5037,0.2944
178850,0.179,7.09,350,35000,2490,0.05,1508.76,0.5037,0.2946
179215,0.179,7.09,350,35000,2490,0.05,1508.76,0.5037,0.2949
179580,0.179,7.09,350,35000,2490,0.05,1508.76,0.5037,0.2952
179945,0.179,7.09,350,35000,2490,0.05,1508.76,0.5037,0.2954
180310,0.179,7.09,350,35000,2490,0.05,1508.76,0.5037,0.2957
180675,0.179,7.09,350,35000,2490,0.05,1508.76,0.5037,0.296
36500,0.35,304,30,32000,800,0.208,2738,0.36,0.0678
73000,0.35,304,30,32000,800,0.208,2738,0.474,0.0884
109500,0.35,304,30,32000,800,0.208,2738,0.501,0.1135
146000,0.35,304,30,32000,800,0.208,2738,0.528,0.1301
182500,0.35,304,30,32000,800,0.208,2738,0.556,0.1467
219000,0.35,304,30,32000,800,0.208,2738,0.584,0.1618
255500,0.35,304,30,32000,800,0.208,2738,0.612,0.1769
292000,0.35,304,30,32000,800,0.208,2738,0.643,0.1903
328500,0.35,304,30,32000,800,0.208,2738,0.675,0.2016
365000,0.35,304,30,32000,800,0.208,2738,0.695,0.2129
401500,0.35,304,30,32000,800,0.208,2738,0.695,0.225
438000,0.35,304,30,32000,800,0.208,2738,0.695,0.2372
474500,0.35,304,30,32000,800,0.208,2738,0.695,0.2493
511000,0.35,304,30,32000,800,0.208,2738,0.695,0.2615
547500,0.35,304,30,32000,800,0.208,2738,0.677,0.2737
584000,0.35,304,30,32000,800,0.208,2738,0.618,0.2835
620500,0.35,304,30,32000,800,0.208,2738,0.56,0.2929
657000,0.35,304,30,32000,800,0.208,2738,0.501,0.3023
693500,0.35,304,30,32000,800,0.208,2738,0.442,0.3117
730000,0.35,304,30,32000,800,0.208,2738,0.39,0.3211
766500,0.35,304,30,32000,800,0.208,2738,0.358,0.3251
803000,0.35,304,30,32000,800,0.208,2738,0.326,0.3292
839500,0.35,304,30,32000,800,0.208,2738,0.294,0.3332
876000,0.35,304,30,32000,800,0.208,2738,0.262,0.3373
912500,0.35,304,30,32000,800,0.208,2738,0.234,0.3413
949000,0.35,304,30,32000,800,0.208,2738,0.223,0.3438
985500,0.35,304,30,32000,800,0.208,2738,0.213,0.3461
1022000,0.35,304,30,32000,800,0.208,2738,0.203,0.3484
1058500,0.35,304,30,32000,800,0.208,2738,0.193,0.3507
1095000,0.35,304,30,32000,800,0.208,2738,0.184,0.3529
1131500,0.35,304,30,32000,800,0.208,2738,0.179,0.3538
1168000,0.35,304,30,32000,800,0.208,2738,0.174,0.3546
1204500,0.35,304,30,32000,800,0.208,2738,0.168,0.3554
1241000,0.35,304,30,32000,800,0.208,2738,0.163,0.3563
1277500,0.35,304,30,32000,800,0.208,2738,0.158,0.3571
1314000,0.35,304,30,32000,800,0.208,2738,0.154,0.3576
1350500,0.35,304,30,32000,800,0.208,2738,0.15,0.3582
1387000,0.35,304,30,32000,800,0.208,2738,0.146,0.3588
1423500,0.35,304,30,32000,800,0.208,2738,0.142,0.3593
1460000,0.35,304,30,32000,800,0.208,2738,0.139,0.3599
1496500,0.35,304,30,32000,800,0.208,2738,0.138,0.3599
1533000,0.35,304,30,32000,800,0.208,2738,0.138,0.3599
1569500,0.35,304,30,32000,800,0.208,2738,0.137,0.3599
1606000,0.35,304,30,32000,800,0.208,2738,0.136,0.3599
1642500,0.35,304,30,32000,800,0.208,2738,0.135,0.36
1679000,0.35,304,30,32000,800,0.208,2738,0.133,0.3608
1715500,0.35,304,30,32000,800,0.208,2738,0.131,0.3616
1752000,0.35,304,30,32000,800,0.208,2738,0.129,0.3625
1788500,0.35,304,30,32000,800,0.208,2738,0.127,0.3633
3650,0.2,335,700,15000,800,0.25,2738,0.31,0.18
7300,0.2,335,700,15000,800,0.25,2738,0.34,0.191
10950,0.2,335,700,15000,800,0.25,2738,0.368,0.202
14600,0.2,335,700,15000,800,0.25,2738,0.394,0.213
18250,0.2,335,700,15000,800,0.25,2738,0.423,0.221
21900,0.2,335,700,15000,800,0.25,2738,0.448,0.221
25550,0.2,335,700,15000,800,0.25,2738,0.471,0.222
29200,0.2,335,700,15000,800,0.25,2738,0.493,0.223
32850,0.2,335,700,15000,800,0.25,2738,0.514,0.224
36500,0.2,335,700,15000,800,0.25,2738,0.536,0.224
40150,0.2,335,700,15000,800,0.25,2738,0.549,0.225
43800,0.2,335,700,15000,800,0.25,2738,0.561,0.226
47450,0.2,335,700,15000,800,0.25,2738,0.574,0.226
51100,0.2,335,700,15000,800,0.25,2738,0.586,0.227
54750,0.2,335,700,15000,800,0.25,2738,0.598,0.228
58400,0.2,335,700,15000,800,0.25,2738,0.605,0.227
62050,0.2,335,700,15000,800,0.25,2738,0.61,0.227
65700,0.2,335,700,15000,800,0.25,2738,0.615,0.226
69350,0.2,335,700,15000,800,0.25,2738,0.619,0.225
73000,0.2,335,700,15000,800,0.25,2738,0.623,0.224
76650,0.2,335,700,15000,800,0.25,2738,0.625,0.225
80300,0.2,335,700,15000,800,0.25,2738,0.627,0.226
83950,0.2,335,700,15000,800,0.25,2738,0.63,0.226
87600,0.2,335,700,15000,800,0.25,2738,0.631,0.227
91250,0.2,335,700,15000,800,0.25,2738,0.632,0.228
94900,0.2,335,700,15000,800,0.25,2738,0.635,0.228
98550,0.2,335,700,15000,800,0.25,2738,0.639,0.227
102200,0.2,335,700,15000,800,0.25,2738,0.642,0.227
105850,0.2,335,700,15000,800,0.25,2738,0.645,0.226
109500,0.2,335,700,15000,800,0.25,2738,0.647,0.226
113150,0.2,335,700,15000,800,0.25,2738,0.649,0.226
116800,0.2,335,700,15000,800,0.25,2738,0.649,0.227
120450,0.2,335,700,15000,800,0.25,2738,0.651,0.227
124100,0.2,335,700,15000,800,0.25,2738,0.652,0.228
127750,0.2,335,700,15000,800,0.25,2738,0.654,0.228
131400,0.2,335,700,15000,800,0.25,2738,0.657,0.228
135050,0.2,335,700,15000,800,0.25,2738,0.66,0.228
138700,0.2,335,700,15000,800,0.25,2738,0.663,0.228
142350,0.2,335,700,15000,800,0.25,2738,0.665,0.228
146000,0.2,335,700,15000,800,0.25,2738,0.667,0.228
149650,0.2,335,700,15000,800,0.25,2738,0.668,0.228
153300,0.2,335,700,15000,800,0.25,2738,0.668,0.229
156950,0.2,335,700,15000,800,0.25,2738,0.669,0.229
160600,0.2,335,700,15000,800,0.25,2738,0.67,0.229
164250,0.2,335,700,15000,800,0.25,2738,0.671,0.23
167900,0.2,335,700,15000,800,0.25,2738,0.671,0.23
171550,0.2,335,700,15000,800,0.25,2738,0.671,0.23
175200,0.2,335,700,15000,800,0.25,2738,0.671,0.23
178850,0.2,335,700,15000,800,0.25,2738,0.673,0.23
18250,0.16,130,130,32000,1870,0.05,5123,0.2078,0.1907
36500,0.16,130,130,32000,1870,0.05,5123,0.2094,0.1925
54750,0.16,130,130,32000,1870,0.05,5123,0.2326,0.2063
73000,0.16,130,130,32000,1870,0.05,5123,0.2649,0.2245
91250,0.16,130,130,32000,1870,0.05,5123,0.2763,0.2304
109500,0.16,130,130,32000,1870,0.05,5123,0.2859,0.236
127750,0.16,130,130,32000,1870,0.05,5123,0.312,0.2502
146000,0.16,130,130,32000,1870,0.05,5123,0.3295,0.2607
164250,0.16,130,130,32000,1870,0.05,5123,0.3291,0.2647
182500,0.16,130,130,32000,1870,0.05,5123,0.3711,0.2921
200750,0.16,130,130,32000,1870,0.05,5123,0.413,0.3195
219000,0.16,130,130,32000,1870,0.05,5123,0.4155,0.3211
237250,0.16,130,130,32000,1870,0.05,5123,0.4208,0.3301
255500,0.16,130,130,32000,1870,0.05,5123,0.4289,0.3424
273750,0.16,130,130,32000,1870,0.05,5123,0.4328,0.3469
292000,0.16,130,130,32000,1870,0.05,5123,0.4356,0.3498
310250,0.16,130,130,32000,1870,0.05,5123,0.4423,0.3569
328500,0.16,130,130,32000,1870,0.05,5123,0.4476,0.3611
346750,0.16,130,130,32000,1870,0.05,5123,0.4492,0.3604
94900,0.32,30,11,100000,750,0.08,20,0.217,0.132
102200,0.32,30,11,100000,750,0.08,20,0.2259,0.1412
109500,0.32,30,11,100000,750,0.08,20,0.2321,0.1522
116800,0.32,30,11,100000,750,0.08,20,0.2391,0.1566
124100,0.32,30,11,100000,750,0.08,20,0.2471,0.1613
131400,0.32,30,11,100000,750,0.08,20,0.2533,0.1672
138700,0.32,30,11,100000,750,0.08,20,0.2623,0.1694
146000,0.32,30,11,100000,750,0.08,20,0.2757,0.1748
153300,0.32,30,11,100000,750,0.08,20,0.2886,0.1816
160600,0.32,30,11,100000,750,0.08,20,0.3051,0.1862
167900,0.32,30,11,100000,750,0.08,20,0.3231,0.19
175200,0.32,30,11,100000,750,0.08,20,0.3414,0.1943
182500,0.32,30,11,100000,750,0.08,20,0.3604,0.1995
189800,0.32,30,11,100000,750,0.08,20,0.3783,0.205
197100,0.32,30,11,100000,750,0.08,20,0.4024,0.2108
204400,0.32,30,11,100000,750,0.08,20,0.4206,0.216
211700,0.32,30,11,100000,750,0.08,20,0.4387,0.2184
219000,0.32,30,11,100000,750,0.08,20,0.4604,0.224
226300,0.32,30,11,100000,750,0.08,20,0.4813,0.2301
233600,0.32,30,11,100000,750,0.08,20,0.503,0.2361
240900,0.32,30,11,100000,750,0.08,20,0.5209,0.2415
248200,0.32,30,11,100000,750,0.08,20,0.544,0.2452
255500,0.32,30,11,100000,750,0.08,20,0.5642,0.2486
262800,0.32,30,11,100000,750,0.08,20,0.5819,0.2559
270100,0.32,30,11,100000,750,0.08,20,0.5982,0.26
277400,0.32,30,11,100000,750,0.08,20,0.6139,0.2634
284700,0.32,30,11,100000,750,0.08,20,0.6232,0.2668
292000,0.32,30,11,100000,750,0.08,20,0.6338,0.2694
299300,0.32,30,11,100000,750,0.08,20,0.6444,0.2711
306600,0.32,30,11,100000,750,0.08,20,0.6444,0.2723
313900,0.32,30,11,100000,750,0.08,20,0.6458,0.2746
321200,0.32,30,11,100000,750,0.08,20,0.6498,0.2762
328500,0.32,30,11,100000,750,0.08,20,0.6534,0.2775
335800,0.32,30,11,100000,750,0.08,20,0.6569,0.2797
343100,0.32,30,11,100000,750,0.08,20,0.6608,0.2805
350400,0.32,30,11,100000,750,0.08,20,0.6643,0.2805
357700,0.32,30,11,100000,750,0.08,20,0.6674,0.2805
41975,0.2,100,180,32000,2100,0.4,11.909,0.164,0.098
744965,0.18,100,100,40000,2160,0.2,194.52,0.135861501,0.081223398
745330,0.18,100,100,40000,2160,0.2,194.52,0.146678108,0.082014719
745695,0.18,100,100,40000,2160,0.2,194.52,0.157494715,0.082806041
746060,0.18,100,100,40000,2160,0.2,194.52,0.168311322,0.083597362
746425,0.18,100,100,40000,2160,0.2,194.52,0.17912793,0.084388683
746790,0.18,100,100,40000,2160,0.2,194.52,0.186582684,0.084618302
747155,0.18,100,100,40000,2160,0.2,194.52,0.193933463,0.084618302
747520,0.18,100,100,40000,2160,0.2,194.52,0.201284242,0.084618302
747885,0.18,100,100,40000,2160,0.2,194.52,0.208635021,0.084618302
748250,0.18,100,100,40000,2160,0.2,194.52,0.2159858,0.084618302
748615,0.18,100,100,40000,2160,0.2,194.52,0.221168476,0.084663122
748980,0.18,100,100,40000,2160,0.2,194.52,0.225757339,0.08539977
749345,0.18,100,100,40000,2160,0.2,194.52,0.230346203,0.086136418
749710,0.18,100,100,40000,2160,0.2,194.52,0.234935066,0.086873067
750075,0.18,100,100,40000,2160,0.2,194.52,0.23952393,0.087609715
750440,0.18,100,100,40000,2160,0.2,194.52,0.243371242,0.088238255
750805,0.18,100,100,40000,2160,0.2,194.52,0.247171221,0.08881705
751170,0.18,100,100,40000,2160,0.2,194.52,0.2509712,0.089395845
751535,0.18,100,100,40000,2160,0.2,194.52,0.254771179,0.08997464
751900,0.18,100,100,40000,2160,0.2,194.52,0.258571158,0.090553435
752265,0.18,100,100,40000,2160,0.2,194.52,0.261492392,0.091104389
752630,0.18,100,100,40000,2160,0.2,194.52,0.264342377,0.091442019
752995,0.18,100,100,40000,2160,0.2,194.52,0.267192361,0.09177965
753360,0.18,100,100,40000,2160,0.2,194.52,0.270042345,0.09211728
753725,0.18,100,100,40000,2160,0.2,194.52,0.272892329,0.092454911
754090,0.18,100,100,40000,2160,0.2,194.52,0.276051564,0.092581061
754455,0.18,100,100,40000,2160,0.2,194.52,0.279241384,0.092299702
754820,0.18,100,100,40000,2160,0.2,194.52,0.282431204,0.092018344
1825,0.2,135,700,60000,1373,0.25,1369.86,0.369,0.158
3650,0.2,135,700,60000,1373,0.25,1369.86,0.389,0.162
5475,0.2,135,700,60000,1373,0.25,1369.86,0.407,0.17
7300,0.2,135,700,60000,1373,0.25,1369.86,0.425,0.178
9125,0.2,135,700,60000,1373,0.25,1369.86,0.437,0.18
10950,0.2,135,700,60000,1373,0.25,1369.86,0.448,0.182
12775,0.2,135,700,60000,1373,0.25,1369.86,0.455,0.186
14600,0.2,135,700,60000,1373,0.25,1369.86,0.463,0.189
16425,0.2,135,700,60000,1373,0.25,1369.86,0.47,0.188
18250,0.2,135,700,60000,1373,0.25,1369.86,0.477,0.187
20075,0.2,135,700,60000,1373,0.25,1369.86,0.481,0.186
21900,0.2,135,700,60000,1373,0.25,1369.86,0.484,0.185
23725,0.2,135,700,60000,1373,0.25,1369.86,0.484,0.187
25550,0.2,135,700,60000,1373,0.25,1369.86,0.484,0.189
27375,0.2,135,700,60000,1373,0.25,1369.86,0.486,0.19
29200,0.2,135,700,60000,1373,0.25,1369.86,0.487,0.191
31025,0.2,135,700,60000,1373,0.25,1369.86,0.487,0.193
32850,0.2,135,700,60000,1373,0.25,1369.86,0.488,0.194
34675,0.2,135,700,60000,1373,0.25,1369.86,0.487,0.195
